{"$schema":"http://schema.management.azure.com/schemas/2015-01-01/deploymentTemplate.json#","contentVersion":"1.0.0.0","parameters":{"workspaceName":{"type":"string","metadata":"Workspace name","defaultValue":"synapse-db-migration"},"AzureSqlServerlessDb":{"type":"string"},"synapse-db-migration-WorkspaceDefaultStorage":{"type":"string"}},"variables":{"workspaceId":"[concat('Microsoft.Synapse/workspaces/', parameters('workspaceName'))]"},"resources":[{"name":"[concat(parameters('workspaceName'), '/Create all views')]","type":"Microsoft.Synapse/workspaces/pipelines","apiVersion":"2019-06-01-preview","properties":{"activities":[{"name":"Get table names","type":"GetMetadata","dependsOn":[],"policy":{"timeout":"0.12:00:00","retry":0,"retryIntervalInSeconds":30,"secureOutput":false,"secureInput":false},"userProperties":[],"typeProperties":{"dataset":{"referenceName":"gold_tables","type":"DatasetReference","parameters":{}},"fieldList":["childItems"],"storeSettings":{"type":"AzureBlobFSReadSettings","recursive":true,"enablePartitionDiscovery":false},"formatSettings":{"type":"BinaryReadSettings"}}},{"name":"For Each Table Name","type":"ForEach","dependsOn":[{"activity":"Get table names","dependencyConditions":["Succeeded"]}],"userProperties":[],"typeProperties":{"items":{"value":"@activity('Get table names').output.childItems","type":"Expression"},"activities":[{"name":"Stored procedure1","type":"SqlServerStoredProcedure","dependsOn":[],"policy":{"timeout":"0.12:00:00","retry":0,"retryIntervalInSeconds":30,"secureOutput":false,"secureInput":false},"userProperties":[],"typeProperties":{"storedProcedureName":"[[dbo].[CreateSqlServerlessView_gold]","storedProcedureParameters":{"ViewName":{"value":{"value":"@item().name","type":"Expression"},"type":"String"}}},"linkedServiceName":{"referenceName":"[parameters('AzureSqlServerlessDb')]","type":"LinkedServiceReference"}}]}}],"policy":{"elapsedTimeMetric":{}},"annotations":[],"lastPublishTime":"2024-09-01T17:28:42Z"},"dependsOn":["[concat(variables('workspaceId'), '/datasets/gold_tables')]"]},{"name":"[concat(parameters('workspaceName'), '/gold_tables')]","type":"Microsoft.Synapse/workspaces/datasets","apiVersion":"2019-06-01-preview","properties":{"linkedServiceName":{"referenceName":"[parameters('synapse-db-migration-WorkspaceDefaultStorage')]","type":"LinkedServiceReference"},"annotations":[],"type":"Binary","typeProperties":{"location":{"type":"AzureBlobFSLocation","folderPath":"SalesLT","fileSystem":"gold"}}},"dependsOn":[]}]}