{"$schema":"http://schema.management.azure.com/schemas/2015-01-01/deploymentTemplate.json#","contentVersion":"1.0.0.0","parameters":{"factoryName":{"type":"string","metadata":"Data Factory name"},"AzureDatabricks1":{"type":"string"},"OnPremDbConnection":{"type":"string"},"AzureDataLakeStorage1":{"type":"string"}},"variables":{"factoryId":"[concat('Microsoft.DataFactory/factories/', parameters('factoryName'))]"},"resources":[{"name":"[concat(parameters('factoryName'), '/MigrateAndEnrichOnPremDb')]","type":"Microsoft.DataFactory/factories/pipelines","apiVersion":"2018-06-01","properties":{"activities":[{"name":"Get table names","type":"Lookup","dependsOn":[],"policy":{"timeout":"0.12:00:00","retry":0,"retryIntervalInSeconds":30,"secureOutput":false,"secureInput":false},"userProperties":[],"typeProperties":{"source":{"type":"SqlServerSource","sqlReaderQuery":"SELECT s.NAME AS SchemaName,\n       t.NAME AS TableName\nFROM   sys.tables t\n       INNER JOIN sys.schemas s\n               ON t.schema_id = s.schema_id\nWHERE  s.NAME = 'SalesLT'; ","queryTimeout":"02:00:00","partitionOption":"None"},"dataset":{"referenceName":"SqlServerTable1","type":"DatasetReference","parameters":{}},"firstRowOnly":false}},{"name":"ForEachTable","type":"ForEach","dependsOn":[{"activity":"Get table names","dependencyConditions":["Succeeded"]}],"userProperties":[],"typeProperties":{"items":{"value":"@activity('Get table names').output.value","type":"Expression"},"activities":[{"name":"Copy table contents","type":"Copy","dependsOn":[],"policy":{"timeout":"0.12:00:00","retry":0,"retryIntervalInSeconds":30,"secureOutput":false,"secureInput":false},"userProperties":[],"typeProperties":{"source":{"type":"SqlServerSource","sqlReaderQuery":{"value":"@{concat('SELECT * FROM ', item().SchemaName, '.', item().TableName)}","type":"Expression"},"queryTimeout":"02:00:00","partitionOption":"None"},"sink":{"type":"ParquetSink","storeSettings":{"type":"AzureBlobFSWriteSettings"},"formatSettings":{"type":"ParquetWriteSettings"}},"enableStaging":false,"translator":{"type":"TabularTranslator","typeConversion":true,"typeConversionSettings":{"allowDataTruncation":true,"treatBooleanAsNumber":false}}},"inputs":[{"referenceName":"SqlServerTable1","type":"DatasetReference","parameters":{}}],"outputs":[{"referenceName":"Parquet1","type":"DatasetReference","parameters":{"schemaname":{"value":"@item().SchemaName","type":"Expression"},"tablename":{"value":"@item().TableName","type":"Expression"}}}]}]}},{"name":"bronze to silver","type":"DatabricksNotebook","dependsOn":[{"activity":"ForEachTable","dependencyConditions":["Succeeded"]}],"policy":{"timeout":"0.12:00:00","retry":0,"retryIntervalInSeconds":30,"secureOutput":false,"secureInput":false},"userProperties":[],"typeProperties":{"notebookPath":"/Shared/bronze to silver"},"linkedServiceName":{"referenceName":"[parameters('AzureDatabricks1')]","type":"LinkedServiceReference"}},{"name":"silver to gold","type":"DatabricksNotebook","dependsOn":[{"activity":"bronze to silver","dependencyConditions":["Succeeded"]}],"policy":{"timeout":"0.12:00:00","retry":0,"retryIntervalInSeconds":30,"secureOutput":false,"secureInput":false},"userProperties":[],"typeProperties":{"notebookPath":"/Shared/silver to gold"},"linkedServiceName":{"referenceName":"[parameters('AzureDatabricks1')]","type":"LinkedServiceReference"}}],"policy":{"elapsedTimeMetric":{}},"annotations":[],"lastPublishTime":"2024-08-29T13:31:27Z"},"dependsOn":["[concat(variables('factoryId'), '/datasets/SqlServerTable1')]","[concat(variables('factoryId'), '/datasets/Parquet1')]"]},{"name":"[concat(parameters('factoryName'), '/SqlServerTable1')]","type":"Microsoft.DataFactory/factories/datasets","apiVersion":"2018-06-01","properties":{"linkedServiceName":{"referenceName":"[parameters('OnPremDbConnection')]","type":"LinkedServiceReference"},"annotations":[],"type":"SqlServerTable","schema":[],"typeProperties":{"schema":{"value":"SalesLT","type":"Expression"}}},"dependsOn":[]},{"name":"[concat(parameters('factoryName'), '/Parquet1')]","type":"Microsoft.DataFactory/factories/datasets","apiVersion":"2018-06-01","properties":{"linkedServiceName":{"referenceName":"[parameters('AzureDataLakeStorage1')]","type":"LinkedServiceReference"},"parameters":{"schemaname":{"type":"string"},"tablename":{"type":"string"}},"annotations":[],"type":"Parquet","typeProperties":{"location":{"type":"AzureBlobFSLocation","fileName":{"value":"@{concat(dataset().tablename, '.parquet')}","type":"Expression"},"folderPath":{"value":"@{concat(dataset().schemaname, '/', dataset().tablename)}","type":"Expression"},"fileSystem":"bronze"},"compressionCodec":"snappy"},"schema":[]},"dependsOn":[]}]}